[
  {
    "productName":"MANGO PEOPLE T-SHIRT",
    "productPrice":52,
    "productImg":"https://raw.githubusercontent.com/Dissaving/git-dis/master/catalog1.jpg",
    "productId":"prod_0"
  },
  {
    "productName":"BANANA PEOPLE T-SHIRT",
    "productPrice":53,
    "productImg":"https://raw.githubusercontent.com/Dissaving/git-dis/master/catalog2.jpg",
    "productId":"prod_1"
  },
  {
    "productName":"STRAWBERRY PEOPLE T-SHIRT",
    "productPrice":55,
    "productImg":"https://raw.githubusercontent.com/Dissaving/git-dis/master/catalog3.jpg",
    "productId":"prod_2"
  },
  {
    "productName":"ORANGE PEOPLE T-SHIRT",
    "productPrice":67,
    "productImg":"https://raw.githubusercontent.com/Dissaving/git-dis/master/catalog4.jpg",
    "productId":"prod_3"
  },
  {
    "productName":"PUMKIN PEOPLE T-SHIRT",
    "productPrice":69,
    "productImg":"https://raw.githubusercontent.com/Dissaving/git-dis/master/catalog5.jpg",
    "productId":"prod_4"
  },
  {
    "productName":"PINEAPPLE PEOPLE T-SHIRT",
    "productPrice":94,
    "productImg":"https://raw.githubusercontent.com/Dissaving/git-dis/master/catalog6.jpg",
    "productId":"prod_5"
  },
  {
    "productName":"CUCUMBER PEOPLE T-SHIRT",
    "productPrice":23,
    "productImg":"https://raw.githubusercontent.com/Dissaving/git-dis/master/catalog7.jpg",
    "productId":"prod_6"
  },
  {
    "productName":"TOMATO PEOPLE T-SHIRT",
    "productPrice":45,
    "productImg":"https://raw.githubusercontent.com/Dissaving/git-dis/master/catalog8.jpg",
    "productId":"prod_7"
  },
  {
    "productName":"BLUEBERRY PEOPLE T-SHIRT",
    "productPrice":48,
    "productImg":"https://raw.githubusercontent.com/Dissaving/git-dis/master/catalog9.jpg",
    "productId":"prod_8"
  }
]