[
  {
    "productName":"MANGO PEOPLE T-SHIRT",
    "productPrice":52,
    "productImg":"https://raw.githubusercontent.com/Dissaving/git-dis/master/single_page_1.jpg",
    "productId":"prod_0"
  },
  {
    "productName":"BANANA PEOPLE T-SHIRT",
    "productPrice":53,
    "productImg":"https://raw.githubusercontent.com/Dissaving/git-dis/master/single_page_2.jpg",
    "productId":"prod_1"
  },
  {
    "productName":"STRAWBERRY PEOPLE T-SHIRT",
    "productPrice":55,
    "productImg":"https://raw.githubusercontent.com/Dissaving/git-dis/master/single_page_3.jpg",
    "productId":"prod_2"
  },
  {
    "productName":"ORANGE PEOPLE T-SHIRT",
    "productPrice":67,
    "productImg":"https://raw.githubusercontent.com/Dissaving/git-dis/master/single_page_4.jpg",
    "productId":"prod_3"
  }
]