{
  "products": [
    {
      "image": "https://raw.githubusercontent.com/Dissaving/git-dis/master/catalog1.jpg",
      "name": "T-shirt 1",
      "price": 2100,
      "article": "T1",
      "available": true,
      "category": "Мужские"
    },
    {
      "image": "https://raw.githubusercontent.com/Dissaving/git-dis/master/catalog2.jpg",
      "name": "T-shirt 2",
      "price": 3150,
      "article": "T2",
      "available": true,
      "category": "Женские"
    },
    {
      "image": "https://raw.githubusercontent.com/Dissaving/git-dis/master/catalog3.jpg",
      "name": "T-shirt 3",
      "price": 4200,
      "article": "T3",
      "available": false,
      "category": "Женские"
    },
    {
      "image": "https://raw.githubusercontent.com/Dissaving/git-dis/master/catalog4.jpg",
      "name": "T-shirt 4",
      "price": 5300,
      "article": "T4",
      "available": true,
      "category": "Мужские"
    },
    {
      "image": "https://raw.githubusercontent.com/Dissaving/git-dis/master/catalog5.jpg",
      "name": "T-shirt 5",
      "price": 6500,
      "article": "T5",
      "available": false,
      "category": "Женские"
    },
    {
      "image": "https://raw.githubusercontent.com/Dissaving/git-dis/master/catalog6.jpg",
      "name": "T-shirt 6",
      "price": 8700,
      "article": "T6",
      "available": true,
      "category": "Женские"
    }
  ]
}